{
    "cameras": [
        {
            "center_px": [
                424.61468505859375,
                395.1351013183594
            ],
            "focal_length_px": [
                285.5497131347656,
                286.5690002441406
            ],
            "distortion": {
                "type": "kannalabrandt4",
                "k": [
                    -0.0017655419651418924,
                    0.03551755100488663,
                    -0.03320972993969917,
                    0.004888659808784723
                ]
            },
            "extrinsics": {
                "T": [
                    -0.031984999775886536,
                    -0.00011117507528979331,
                    0.0003567125531844795
                ],
                "R": [
                    0.9998769760131836,
                    -0.00043032190296798944,
                    -0.015675829723477364,
                    -0.0004210202896501869,
                    -0.9999997019767761,
                    0.0005966732278466225,
                    -0.015676090493798256,
                    -0.000590000010561198,
                    -0.9998769164085388
                ]
            }
        },
        {
            "center_px": [
                420.3105163574219,
                241.55503845214844
            ],
            "focal_length_px": [
                432.4413757324219,
                432.4413757324219
            ],
            "distortion": {
                "type": "kannalabrandt4",
                "k": [
                    0.0,
                    0.0,
                    0.0,
                    0.0
                ]
            }
        }
    ]
}